{
  "system": "postgres-pgvector-bm25",
  "dataset_size": 10000,
  "num_queries": 50,
  "latency_p50_ms": 16.76220899389591,
  "latency_p95_ms": 20.249012352724094,
  "latency_p99_ms": 22.830475007649504,
  "throughput_qps": 57.901580198287576,
  "method": "pgvector-sparse-bm25-whitespace"
}