{
  "miracl": {
    "corpus_size": 10000,
    "vocab_size": 48915,
    "ndcg_at_10": 0.5887792848939579,
    "recall_at_10": 0.7236001869804686,
    "mrr": 0.6034317013190252,
    "latency_p50_ms": 0.9984579992305953,
    "latency_p95_ms": 1.6235410002991557,
    "queries_evaluated": 213,
    "queries_skipped_no_vec": 0,
    "queries_skipped_no_results": 0
  },
  "ezis": {
    "corpus_size": 97,
    "vocab_size": 1670,
    "ndcg_at_10": 0.9023500117658255,
    "recall_at_10": 0.9847328244274809,
    "mrr": 0.8757724463831335,
    "latency_p50_ms": 0.5314579993864754,
    "latency_p95_ms": 1.3212079993536463,
    "queries_evaluated": 131,
    "queries_skipped_no_vec": 0,
    "queries_skipped_no_results": 0
  }
}