{
  "miracl": {
    "corpus_size": 10000,
    "vocab_size": 48915,
    "ndcg_at_10": 0.6415067158330563,
    "recall_at_10": 0.8021438394677832,
    "mrr": 0.6193699232431626,
    "latency_p50_ms": 0.8231249994423706,
    "latency_p95_ms": 1.446834001399111,
    "queries_evaluated": 213,
    "queries_skipped_no_vec": 0,
    "queries_skipped_no_results": 0
  },
  "ezis": {
    "corpus_size": 97,
    "vocab_size": 1670,
    "ndcg_at_10": 0.9238167302189145,
    "recall_at_10": 0.9923664122137404,
    "mrr": 0.9012722646310433,
    "latency_p50_ms": 0.5326249993231613,
    "latency_p95_ms": 0.715582998964237,
    "queries_evaluated": 131,
    "queries_skipped_no_vec": 0,
    "queries_skipped_no_results": 0
  }
}