{
  "splade-ko": {
    "ndcg_at_10": 0.7128509909832201,
    "recall_at_10": 0.8289210007519866,
    "mrr": 0.7346952082867576
  },
  "bge-m3-sparse": {
    "ndcg_at_10": 0.7634957230990269,
    "recall_at_10": 0.8679684165599658,
    "mrr": 0.7829663164170206
  }
}